<DATE>	<TIME>	<OPEN>	<HIGH>	<LOW>	<CLOSE>	<TICKVOL>	<VOL>	<SPREAD>
2026.01.01	22:00:00	1.34562	1.34654	1.34542	1.34622	899	0	56
2026.01.01	23:00:00	1.34620	1.34760	1.34620	1.34737	848	0	10
2026.01.02	00:00:00	1.34737	1.34826	1.34711	1.34812	1013	0	10
2026.01.02	01:00:00	1.34813	1.34873	1.34800	1.34869	1359	0	10
2026.01.02	02:00:00	1.34869	1.34907	1.34860	1.34879	1254	0	10
2026.01.02	03:00:00	1.34879	1.34898	1.34836	1.34863	970	0	10
2026.01.02	04:00:00	1.34863	1.34874	1.34774	1.34782	999	0	10
2026.01.02	05:00:00	1.34782	1.34807	1.34694	1.34709	970	0	10
2026.01.02	06:00:00	1.34707	1.34714	1.34629	1.34677	1317	0	10
2026.01.02	07:00:00	1.34674	1.34704	1.34572	1.34637	2370	0	10
2026.01.02	08:00:00	1.34634	1.34684	1.34488	1.34531	3800	0	10
2026.01.02	09:00:00	1.34529	1.34641	1.34500	1.34547	3039	0	10
2026.01.02	10:00:00	1.34548	1.34583	1.34437	1.34494	2740	0	10
2026.01.02	11:00:00	1.34493	1.34524	1.34339	1.34402	2586	0	10
2026.01.02	12:00:00	1.34399	1.34490	1.34356	1.34452	2558	0	10
2026.01.02	13:00:00	1.34456	1.34591	1.34416	1.34569	3258	0	10
2026.01.02	14:00:00	1.34567	1.34677	1.34526	1.34641	3645	0	10
2026.01.02	15:00:00	1.34639	1.35016	1.34637	1.34963	4486	0	10
2026.01.02	16:00:00	1.34963	1.34982	1.34727	1.34773	3553	0	10
2026.01.02	17:00:00	1.34774	1.34777	1.34609	1.34623	2503	0	10
2026.01.02	18:00:00	1.34623	1.34635	1.34459	1.34512	2341	0	10
2026.01.02	19:00:00	1.34512	1.34573	1.34470	1.34545	2230	0	10
2026.01.02	20:00:00	1.34546	1.34571	1.34491	1.34564	2118	0	10
2026.01.02	21:00:00	1.34561	1.34664	1.34555	1.34593	1552	0	10
2026.01.04	22:00:00	1.34485	1.34540	1.34407	1.34501	681	0	47
2026.01.04	23:00:00	1.34522	1.34564	1.34354	1.34378	1813	0	10
2026.01.05	00:00:00	1.34375	1.34476	1.34368	1.34427	2487	0	10
2026.01.05	01:00:00	1.34427	1.34485	1.34380	1.34399	3201	0	10
2026.01.05	02:00:00	1.34398	1.34424	1.34252	1.34307	2524	0	10
2026.01.05	03:00:00	1.34309	1.34356	1.34133	1.34154	2251	0	10
2026.01.05	04:00:00	1.34151	1.34276	1.34137	1.34252	1859	0	10
2026.01.05	05:00:00	1.34252	1.34316	1.34224	1.34277	1605	0	10
2026.01.05	06:00:00	1.34280	1.34368	1.34203	1.34353	2109	0	10
2026.01.05	07:00:00	1.34352	1.34365	1.34199	1.34223	3048	0	10
2026.01.05	08:00:00	1.34226	1.34386	1.34169	1.34252	3900	0	10
2026.01.05	09:00:00	1.34253	1.34431	1.34215	1.34421	3029	0	10
2026.01.05	10:00:00	1.34420	1.34641	1.34400	1.34629	3525	0	10
2026.01.05	11:00:00	1.34624	1.34708	1.34574	1.34588	3011	0	10
2026.01.05	12:00:00	1.34590	1.34738	1.34525	1.34553	3058	0	10
2026.01.05	13:00:00	1.34556	1.34570	1.34246	1.34525	4233	0	10
2026.01.05	14:00:00	1.34527	1.34763	1.34501	1.34718	5144	0	10
2026.01.05	15:00:00	1.34724	1.35039	1.34724	1.35020	4975	0	10
2026.01.05	16:00:00	1.35022	1.35248	1.35022	1.35247	4017	0	10
2026.01.05	17:00:00	1.35245	1.35391	1.35237	1.35320	3416	0	10
2026.01.05	18:00:00	1.35320	1.35393	1.35283	1.35390	2167	0	10
2026.01.05	19:00:00	1.35392	1.35454	1.35349	1.35426	2316	0	10
2026.01.05	20:00:00	1.35424	1.35458	1.35412	1.35426	1490	0	10
2026.01.05	21:00:00	1.35423	1.35478	1.35393	1.35412	1147	0	4
2026.01.05	22:00:00	1.35410	1.35416	1.35382	1.35387	678	0	11
2026.01.05	23:00:00	1.35386	1.35410	1.35312	1.35322	792	0	10
2026.01.06	00:00:00	1.35321	1.35356	1.35273	1.35354	1445	0	10
2026.01.06	01:00:00	1.35353	1.35461	1.35312	1.35458	2425	0	10
2026.01.06	02:00:00	1.35460	1.35573	1.35411	1.35563	1978	0	10
2026.01.06	03:00:00	1.35560	1.35619	1.35503	1.35586	1572	0	10
2026.01.06	04:00:00	1.35585	1.35614	1.35535	1.35553	1288	0	10
2026.01.06	05:00:00	1.35554	1.35577	1.35455	1.35491	1487	0	10
2026.01.06	06:00:00	1.35494	1.35577	1.35481	1.35547	1965	0	10
2026.01.06	07:00:00	1.35549	1.35673	1.35462	1.35505	2759	0	10
2026.01.06	08:00:00	1.35500	1.35665	1.35468	1.35534	4081	0	10
2026.01.06	09:00:00	1.35536	1.35546	1.35353	1.35353	3938	0	10
2026.01.06	10:00:00	1.35354	1.35397	1.35295	1.35327	2936	0	10
2026.01.06	11:00:00	1.35328	1.35347	1.35168	1.35204	2472	0	10
2026.01.06	12:00:00	1.35204	1.35289	1.35078	1.35114	2739	0	10
2026.01.06	13:00:00	1.35115	1.35237	1.35061	1.35235	3915	0	10
2026.01.06	14:00:00	1.35233	1.35342	1.35151	1.35248	4278	0	10
2026.01.06	15:00:00	1.35245	1.35270	1.34936	1.35071	5057	0	10
2026.01.06	16:00:00	1.35068	1.35093	1.34913	1.34946	3673	0	10
2026.01.06	17:00:00	1.34942	1.35108	1.34921	1.35100	2696	0	10
2026.01.06	18:00:00	1.35099	1.35118	1.34975	1.34982	2259	0	10
2026.01.06	19:00:00	1.34981	1.35007	1.34920	1.35001	1929	0	10
2026.01.06	20:00:00	1.35000	1.35058	1.34977	1.34978	1694	0	10
2026.01.06	21:00:00	1.34980	1.35024	1.34969	1.35005	973	0	4
2026.01.06	22:00:00	1.34998	1.35012	1.34905	1.34988	795	0	15
2026.01.06	23:00:00	1.35010	1.35032	1.34988	1.34990	506	0	10
2026.01.07	00:00:00	1.34990	1.35048	1.34970	1.35024	1742	0	10
2026.01.07	01:00:00	1.35026	1.35098	1.34999	1.35055	2062	0	10
2026.01.07	02:00:00	1.35053	1.35133	1.35049	1.35096	1733	0	10
2026.01.07	03:00:00	1.35095	1.35165	1.35092	1.35139	1466	0	10
2026.01.07	04:00:00	1.35137	1.35158	1.35038	1.35045	1872	0	10
2026.01.07	05:00:00	1.35045	1.35095	1.35023	1.35080	1518	0	10
2026.01.07	06:00:00	1.35080	1.35168	1.35040	1.35130	1933	0	10
2026.01.07	07:00:00	1.35133	1.35161	1.34911	1.34923	2760	0	10
2026.01.07	08:00:00	1.34920	1.34964	1.34845	1.34960	2963	0	10
2026.01.07	09:00:00	1.34962	1.34977	1.34860	1.34941	2549	0	10
2026.01.07	10:00:00	1.34940	1.35041	1.34928	1.34973	2548	0	10
2026.01.07	11:00:00	1.34973	1.35055	1.34941	1.34998	2151	0	10
2026.01.07	12:00:00	1.35000	1.35025	1.34857	1.34914	2718	0	10
2026.01.07	13:00:00	1.34913	1.35000	1.34807	1.34943	3861	0	10
2026.01.07	14:00:00	1.34944	1.35014	1.34832	1.35014	4089	0	10
2026.01.07	15:00:00	1.35007	1.35010	1.34722	1.34807	6008	0	10
2026.01.07	16:00:00	1.34806	1.34855	1.34677	1.34713	3384	0	10
2026.01.07	17:00:00	1.34714	1.34792	1.34687	1.34730	2328	0	10
2026.01.07	18:00:00	1.34729	1.34732	1.34676	1.34688	2038	0	10
2026.01.07	19:00:00	1.34690	1.34702	1.34617	1.34640	1987	0	10
2026.01.07	20:00:00	1.34639	1.34676	1.34607	1.34621	1728	0	10
2026.01.07	21:00:00	1.34619	1.34625	1.34558	1.34567	1008	0	10
2026.01.07	22:00:00	1.34569	1.34610	1.34536	1.34582	579	0	13
2026.01.07	23:00:00	1.34595	1.34595	1.34559	1.34581	538	0	10
2026.01.08	00:00:00	1.34581	1.34602	1.34556	1.34579	907	0	10
2026.01.08	01:00:00	1.34580	1.34605	1.34525	1.34555	1449	0	10
2026.01.08	02:00:00	1.34558	1.34592	1.34501	1.34561	1505	0	10
2026.01.08	03:00:00	1.34562	1.34649	1.34557	1.34628	1489	0	10
2026.01.08	04:00:00	1.34628	1.34632	1.34580	1.34600	1103	0	10
2026.01.08	05:00:00	1.34600	1.34606	1.34517	1.34579	1469	0	10
2026.01.08	06:00:00	1.34578	1.34615	1.34517	1.34597	1995	0	10
2026.01.08	07:00:00	1.34592	1.34606	1.34446	1.34451	2516	0	10
2026.01.08	08:00:00	1.34454	1.34465	1.34348	1.34380	3185	0	10
2026.01.08	09:00:00	1.34383	1.34458	1.34317	1.34376	2375	0	10
2026.01.08	10:00:00	1.34380	1.34474	1.34350	1.34465	2540	0	10
2026.01.08	11:00:00	1.34464	1.34503	1.34433	1.34438	2080	0	10
2026.01.08	12:00:00	1.34435	1.34469	1.34368	1.34380	2218	0	10
2026.01.08	13:00:00	1.34384	1.34473	1.34154	1.34229	3355	0	10
2026.01.08	14:00:00	1.34228	1.34354	1.34168	1.34346	4030	0	10
2026.01.08	15:00:00	1.34344	1.34465	1.34256	1.34406	3996	0	10
2026.01.08	16:00:00	1.34405	1.34442	1.34276	1.34293	3230	0	10
2026.01.08	17:00:00	1.34290	1.34369	1.34253	1.34357	2484	0	10
2026.01.08	18:00:00	1.34357	1.34376	1.34215	1.34225	2029	0	10
2026.01.08	19:00:00	1.34225	1.34308	1.34192	1.34305	1702	0	10
2026.01.08	20:00:00	1.34305	1.34377	1.34292	1.34357	1660	0	10
2026.01.08	21:00:00	1.34357	1.34449	1.34345	1.34394	1563	0	4
2026.01.08	22:00:00	1.34393	1.34393	1.34299	1.34337	556	0	18
2026.01.08	23:00:00	1.34329	1.34402	1.34329	1.34358	704	0	10
2026.01.09	00:00:00	1.34357	1.34366	1.34311	1.34316	1272	0	10
2026.01.09	01:00:00	1.34316	1.34358	1.34264	1.34276	1975	0	10
2026.01.09	02:00:00	1.34279	1.34334	1.34241	1.34320	1837	0	10
2026.01.09	03:00:00	1.34320	1.34374	1.34305	1.34363	1502	0	10
2026.01.09	04:00:00	1.34362	1.34376	1.34307	1.34354	1217	0	10
2026.01.09	05:00:00	1.34354	1.34378	1.34271	1.34298	1395	0	10
2026.01.09	06:00:00	1.34298	1.34322	1.34242	1.34275	1698	0	10
2026.01.09	07:00:00	1.34278	1.34289	1.34142	1.34284	2553	0	10
2026.01.09	08:00:00	1.34287	1.34339	1.34113	1.34149	3483	0	10
2026.01.09	09:00:00	1.34151	1.34205	1.34045	1.34098	2431	0	10
2026.01.09	10:00:00	1.34097	1.34122	1.34035	1.34083	2157	0	10
2026.01.09	11:00:00	1.34085	1.34139	1.34041	1.34125	2234	0	10
2026.01.09	12:00:00	1.34125	1.34190	1.34091	1.34187	2672	0	10
2026.01.09	13:00:00	1.34191	1.34507	1.33869	1.34349	8304	0	10
2026.01.09	14:00:00	1.34350	1.34431	1.34057	1.34126	7604	0	10
2026.01.09	15:00:00	1.34118	1.34187	1.33919	1.34174	6330	0	10
2026.01.09	16:00:00	1.34173	1.34224	1.34042	1.34102	3866	0	10
2026.01.09	17:00:00	1.34103	1.34111	1.33974	1.34024	2807	0	10
2026.01.09	18:00:00	1.34024	1.34142	1.33992	1.34054	2442	0	10
2026.01.09	19:00:00	1.34055	1.34111	1.34029	1.34062	1866	0	10
2026.01.09	20:00:00	1.34062	1.34096	1.34043	1.34060	1511	0	10
2026.01.09	21:00:00	1.34060	1.34086	1.33966	1.34021	1514	0	10
2026.01.11	22:00:00	1.33910	1.34001	1.33881	1.33887	609	0	47
2026.01.11	23:00:00	1.33947	1.33994	1.33918	1.33935	914	0	10
2026.01.12	00:00:00	1.33935	1.34350	1.33903	1.34341	3177	0	10
2026.01.12	01:00:00	1.34341	1.34405	1.34261	1.34270	3101	0	10
2026.01.12	02:00:00	1.34273	1.34335	1.34211	1.34228	2195	0	10
2026.01.12	03:00:00	1.34227	1.34280	1.34196	1.34196	1542	0	10
2026.01.12	04:00:00	1.34199	1.34237	1.34159	1.34220	1090	0	10
2026.01.12	05:00:00	1.34224	1.34358	1.34209	1.34330	1598	0	10
2026.01.12	06:00:00	1.34330	1.34408	1.34288	1.34381	1835	0	10
2026.01.12	07:00:00	1.34381	1.34465	1.34334	1.34436	3063	0	10
2026.01.12	08:00:00	1.34433	1.34610	1.34420	1.34567	3713	0	10
2026.01.12	09:00:00	1.34567	1.34689	1.34497	1.34532	3056	0	10
2026.01.12	10:00:00	1.34535	1.34707	1.34475	1.34707	2692	0	10
2026.01.12	11:00:00	1.34703	1.34745	1.34542	1.34594	2414	0	10
2026.01.12	12:00:00	1.34591	1.34733	1.34570	1.34649	3123	0	10
2026.01.12	13:00:00	1.34652	1.34853	1.34608	1.34812	3586	0	10
2026.01.12	14:00:00	1.34810	1.34828	1.34628	1.34727	4378	0	10
2026.01.12	15:00:00	1.34730	1.34800	1.34675	1.34749	3559	0	10
2026.01.12	16:00:00	1.34751	1.34770	1.34631	1.34639	2848	0	10
2026.01.12	17:00:00	1.34636	1.34715	1.34548	1.34636	2954	0	10
2026.01.12	18:00:00	1.34636	1.34636	1.34569	1.34590	1675	0	10
2026.01.12	19:00:00	1.34590	1.34664	1.34568	1.34655	1363	0	10
2026.01.12	20:00:00	1.34656	1.34686	1.34614	1.34632	1326	0	10
2026.01.12	21:00:00	1.34629	1.34700	1.34611	1.34644	1051	0	7
2026.01.12	22:00:00	1.34646	1.34657	1.34602	1.34602	687	0	18
2026.01.12	23:00:00	1.34625	1.34687	1.34620	1.34656	1046	0	10
2026.01.13	00:00:00	1.34656	1.34765	1.34620	1.34754	1383	0	10
2026.01.13	01:00:00	1.34755	1.34768	1.34662	1.34699	2039	0	10
2026.01.13	02:00:00	1.34695	1.34761	1.34692	1.34723	1695	0	10
2026.01.13	03:00:00	1.34723	1.34785	1.34689	1.34701	1463	0	10
2026.01.13	04:00:00	1.34700	1.34768	1.34695	1.34734	1404	0	10
2026.01.13	05:00:00	1.34734	1.34765	1.34701	1.34717	1502	0	10
2026.01.13	06:00:00	1.34716	1.34724	1.34622	1.34723	2148	0	10
2026.01.13	07:00:00	1.34724	1.34733	1.34618	1.34665	2122	0	10
2026.01.13	08:00:00	1.34662	1.34776	1.34626	1.34763	2803	0	10
2026.01.13	09:00:00	1.34761	1.34853	1.34731	1.34801	2487	0	10
2026.01.13	10:00:00	1.34801	1.34829	1.34690	1.34711	2215	0	10
2026.01.13	11:00:00	1.34711	1.34736	1.34671	1.34721	1565	0	10
2026.01.13	12:00:00	1.34720	1.34730	1.34580	1.34605	2089	0	10
2026.01.13	13:00:00	1.34606	1.34942	1.34536	1.34748	6802	0	10
2026.01.13	14:00:00	1.34745	1.34771	1.34510	1.34582	5086	0	10
2026.01.13	15:00:00	1.34581	1.34596	1.34345	1.34416	4738	0	10
2026.01.13	16:00:00	1.34413	1.34446	1.34246	1.34336	3639	0	10
2026.01.13	17:00:00	1.34340	1.34374	1.34268	1.34329	2629	0	10
2026.01.13	18:00:00	1.34330	1.34405	1.34234	1.34391	2237	0	10
2026.01.13	19:00:00	1.34391	1.34395	1.34270	1.34345	2036	0	10
2026.01.13	20:00:00	1.34345	1.34359	1.34286	1.34299	1754	0	10
2026.01.13	21:00:00	1.34300	1.34313	1.34202	1.34217	1048	0	2
2026.01.13	22:00:00	1.34218	1.34229	1.34162	1.34204	650	0	15
2026.01.13	23:00:00	1.34223	1.34278	1.34217	1.34251	664	0	10
2026.01.14	00:00:00	1.34250	1.34269	1.34201	1.34265	1144	0	10
2026.01.14	01:00:00	1.34263	1.34267	1.34191	1.34223	1589	0	10
2026.01.14	02:00:00	1.34222	1.34367	1.34207	1.34352	1622	0	10
2026.01.14	03:00:00	1.34352	1.34479	1.34352	1.34443	1381	0	10
2026.01.14	04:00:00	1.34442	1.34458	1.34384	1.34395	971	0	10
2026.01.14	05:00:00	1.34395	1.34417	1.34350	1.34351	1171	0	10
2026.01.14	06:00:00	1.34351	1.34478	1.34340	1.34467	1557	0	10
2026.01.14	07:00:00	1.34468	1.34494	1.34368	1.34393	1958	0	10
2026.01.14	08:00:00	1.34391	1.34496	1.34365	1.34492	3422	0	10
2026.01.14	09:00:00	1.34492	1.34585	1.34461	1.34561	2724	0	10
2026.01.14	10:00:00	1.34560	1.34583	1.34502	1.34534	2629	0	10
2026.01.14	11:00:00	1.34532	1.34533	1.34445	1.34489	2212	0	10
2026.01.14	12:00:00	1.34491	1.34580	1.34417	1.34516	2718	0	10
2026.01.14	13:00:00	1.34516	1.34525	1.34380	1.34442	3263	0	10
2026.01.14	14:00:00	1.34441	1.34637	1.34430	1.34559	4437	0	10
2026.01.14	15:00:00	1.34556	1.34612	1.34434	1.34556	7429	0	10
2026.01.14	16:00:00	1.34555	1.34583	1.34399	1.34434	3210	0	10
2026.01.14	17:00:00	1.34432	1.34447	1.34298	1.34313	2629	0	10
2026.01.14	18:00:00	1.34312	1.34325	1.34264	1.34268	1794	0	10
2026.01.14	19:00:00	1.34266	1.34327	1.34242	1.34306	1741	0	10
2026.01.14	20:00:00	1.34307	1.34405	1.34294	1.34323	2317	0	10
2026.01.14	21:00:00	1.34324	1.34468	1.34318	1.34416	1581	0	10
2026.01.14	22:00:00	1.34418	1.34420	1.34345	1.34345	1174	0	42
2026.01.14	23:00:00	1.34391	1.34436	1.34380	1.34396	974	0	10
2026.01.15	00:00:00	1.34396	1.34396	1.34302	1.34370	1349	0	10
2026.01.15	01:00:00	1.34368	1.34383	1.34271	1.34349	2489	0	10
2026.01.15	02:00:00	1.34348	1.34348	1.34291	1.34326	1868	0	10
2026.01.15	03:00:00	1.34329	1.34334	1.34252	1.34270	1469	0	10
2026.01.15	04:00:00	1.34273	1.34284	1.34232	1.34237	1079	0	10
2026.01.15	05:00:00	1.34234	1.34316	1.34226	1.34267	1475	0	10
2026.01.15	06:00:00	1.34267	1.34327	1.34231	1.34274	1927	0	10
2026.01.15	07:00:00	1.34276	1.34429	1.34232	1.34341	3111	0	10
2026.01.15	08:00:00	1.34339	1.34436	1.34263	1.34381	2906	0	10
2026.01.15	09:00:00	1.34383	1.34450	1.34349	1.34367	2805	0	10
2026.01.15	10:00:00	1.34369	1.34385	1.34155	1.34197	2451	0	10
2026.01.15	11:00:00	1.34201	1.34274	1.34167	1.34182	2158	0	10
2026.01.15	12:00:00	1.34179	1.34204	1.34011	1.34035	2172	0	10
2026.01.15	13:00:00	1.34032	1.34035	1.33683	1.33723	4094	0	10
2026.01.15	14:00:00	1.33726	1.33867	1.33624	1.33708	4350	0	10
2026.01.15	15:00:00	1.33707	1.33880	1.33686	1.33856	4015	0	10
2026.01.15	16:00:00	1.33855	1.33936	1.33794	1.33844	3062	0	10
2026.01.15	17:00:00	1.33844	1.33935	1.33802	1.33873	2478	0	10
2026.01.15	18:00:00	1.33873	1.33936	1.33870	1.33912	2017	0	10
2026.01.15	19:00:00	1.33911	1.33915	1.33832	1.33853	2220	0	10
2026.01.15	20:00:00	1.33856	1.33858	1.33739	1.33753	1842	0	10
2026.01.15	21:00:00	1.33751	1.33841	1.33747	1.33809	1161	0	4
2026.01.15	22:00:00	1.33811	1.33811	1.33763	1.33789	560	0	15
2026.01.15	23:00:00	1.33799	1.33824	1.33777	1.33807	1547	0	10
2026.01.16	00:00:00	1.33806	1.33822	1.33702	1.33762	1287	0	10
2026.01.16	01:00:00	1.33761	1.33837	1.33746	1.33793	1752	0	10
2026.01.16	02:00:00	1.33790	1.33880	1.33781	1.33838	1954	0	10
2026.01.16	03:00:00	1.33837	1.33904	1.33822	1.33903	1251	0	10
2026.01.16	04:00:00	1.33901	1.33908	1.33876	1.33885	833	0	10
2026.01.16	05:00:00	1.33885	1.33893	1.33810	1.33826	1054	0	10
2026.01.16	06:00:00	1.33825	1.33836	1.33764	1.33802	1268	0	10
2026.01.16	07:00:00	1.33799	1.33917	1.33770	1.33902	2296	0	10
2026.01.16	08:00:00	1.33903	1.33978	1.33890	1.33927	2284	0	10
2026.01.16	09:00:00	1.33927	1.34048	1.33902	1.33965	2049	0	10
2026.01.16	10:00:00	1.33965	1.34126	1.33965	1.34052	2223	0	10
2026.01.16	11:00:00	1.34054	1.34117	1.34041	1.34071	1934	0	10
2026.01.16	12:00:00	1.34068	1.34097	1.33923	1.33996	2798	0	10
2026.01.16	13:00:00	1.33998	1.34076	1.33880	1.34030	3296	0	10
2026.01.16	14:00:00	1.34030	1.34047	1.33946	1.33977	3198	0	10
2026.01.16	15:00:00	1.33974	1.34037	1.33657	1.33777	7013	0	10
2026.01.16	16:00:00	1.33779	1.33898	1.33771	1.33815	3853	0	10
2026.01.16	17:00:00	1.33816	1.33863	1.33759	1.33781	2512	0	10
2026.01.16	18:00:00	1.33782	1.33869	1.33732	1.33792	2026	0	10
2026.01.16	19:00:00	1.33791	1.33845	1.33754	1.33816	1879	0	10
2026.01.16	20:00:00	1.33816	1.33858	1.33784	1.33805	1527	0	10
2026.01.16	21:00:00	1.33802	1.33825	1.33742	1.33782	1911	0	10
2026.01.18	22:00:00	1.33418	1.33539	1.33321	1.33529	689	0	52
2026.01.18	23:00:00	1.33563	1.34062	1.33518	1.34016	3433	0	10
2026.01.19	00:00:00	1.34015	1.34086	1.33821	1.34004	4087	0	10
2026.01.19	01:00:00	1.34002	1.34026	1.33905	1.33915	3232	0	10
2026.01.19	02:00:00	1.33914	1.33930	1.33810	1.33862	2620	0	10
2026.01.19	03:00:00	1.33860	1.33914	1.33850	1.33878	2149	0	10
2026.01.19	04:00:00	1.33879	1.33961	1.33879	1.33944	1794	0	10
2026.01.19	05:00:00	1.33944	1.34054	1.33926	1.33948	2084	0	10
2026.01.19	06:00:00	1.33947	1.34008	1.33938	1.33983	1742	0	10
2026.01.19	07:00:00	1.33981	1.34099	1.33839	1.33882	3429	0	10
2026.01.19	08:00:00	1.33885	1.34092	1.33865	1.34086	3046	0	10
2026.01.19	09:00:00	1.34087	1.34152	1.33901	1.34051	3250	0	10
2026.01.19	10:00:00	1.34055	1.34128	1.34046	1.34096	2235	0	10
2026.01.19	11:00:00	1.34094	1.34103	1.34014	1.34080	2005	0	10
2026.01.19	12:00:00	1.34082	1.34144	1.34041	1.34052	2166	0	10
2026.01.19	13:00:00	1.34052	1.34164	1.34051	1.34134	2226	0	10
2026.01.19	14:00:00	1.34132	1.34240	1.34099	1.34199	2204	0	10
2026.01.19	15:00:00	1.34196	1.34283	1.34180	1.34213	2682	0	10
2026.01.19	16:00:00	1.34214	1.34349	1.34200	1.34277	1933	0	10
2026.01.19	17:00:00	1.34277	1.34334	1.34258	1.34310	1253	0	10
2026.01.19	18:00:00	1.34309	1.34335	1.34259	1.34259	844	0	10
2026.01.19	19:00:00	1.34259	1.34293	1.34249	1.34253	493	0	10
2026.01.19	20:00:00	1.34253	1.34283	1.34242	1.34277	432	0	10
2026.01.19	21:00:00	1.34277	1.34284	1.34220	1.34249	554	0	2
2026.01.19	22:00:00	1.34246	1.34261	1.34228	1.34244	514	0	13
2026.01.19	23:00:00	1.34262	1.34278	1.34162	1.34187	711	0	10
2026.01.20	00:00:00	1.34191	1.34199	1.34095	1.34178	1392	0	10
2026.01.20	01:00:00	1.34177	1.34235	1.34155	1.34231	2035	0	10
2026.01.20	02:00:00	1.34231	1.34279	1.34193	1.34235	1253	0	10
2026.01.20	03:00:00	1.34233	1.34395	1.34226	1.34345	1526	0	10
2026.01.20	04:00:00	1.34347	1.34429	1.34345	1.34404	1484	0	10
2026.01.20	05:00:00	1.34404	1.34494	1.34400	1.34412	1672	0	10
2026.01.20	06:00:00	1.34413	1.34435	1.34311	1.34348	2119	0	10
2026.01.20	07:00:00	1.34345	1.34821	1.34254	1.34745	4879	0	10
2026.01.20	08:00:00	1.34747	1.34911	1.34740	1.34780	6056	0	10
2026.01.20	09:00:00	1.34780	1.34887	1.34697	1.34745	4829	0	10
2026.01.20	10:00:00	1.34745	1.34849	1.34640	1.34794	4132	0	10
2026.01.20	11:00:00	1.34797	1.34825	1.34587	1.34628	3635	0	10
2026.01.20	12:00:00	1.34629	1.34661	1.34390	1.34453	3923	0	10
2026.01.20	13:00:00	1.34456	1.34791	1.34406	1.34519	7895	0	10
2026.01.20	14:00:00	1.34519	1.34625	1.34398	1.34579	6354	0	10
2026.01.20	15:00:00	1.34574	1.34767	1.34518	1.34565	5217	0	10
2026.01.20	16:00:00	1.34564	1.34700	1.34527	1.34685	4123	0	10
2026.01.20	17:00:00	1.34685	1.34753	1.34556	1.34561	3602	0	10
2026.01.20	18:00:00	1.34558	1.34574	1.34418	1.34429	2254	0	10
2026.01.20	19:00:00	1.34430	1.34451	1.34264	1.34273	2558	0	10
2026.01.20	20:00:00	1.34271	1.34353	1.34249	1.34333	2601	0	10
2026.01.20	21:00:00	1.34330	1.34434	1.34316	1.34411	2222	0	4
2026.01.20	22:00:00	1.34415	1.34415	1.34331	1.34390	1027	0	22
2026.01.20	23:00:00	1.34403	1.34434	1.34384	1.34398	920	0	10
2026.01.21	00:00:00	1.34398	1.34422	1.34326	1.34419	1401	0	10
2026.01.21	01:00:00	1.34418	1.34563	1.34393	1.34522	2495	0	10
2026.01.21	02:00:00	1.34523	1.34544	1.34431	1.34434	1705	0	10
2026.01.21	03:00:00	1.34434	1.34460	1.34327	1.34398	2129	0	10
2026.01.21	04:00:00	1.34398	1.34398	1.34324	1.34373	1481	0	10
2026.01.21	05:00:00	1.34373	1.34401	1.34347	1.34369	1500	0	10
2026.01.21	06:00:00	1.34369	1.34423	1.34349	1.34363	1657	0	10
2026.01.21	07:00:00	1.34361	1.34487	1.34287	1.34426	3483	0	10
2026.01.21	08:00:00	1.34422	1.34474	1.34325	1.34383	3284	0	10
2026.01.21	09:00:00	1.34381	1.34384	1.34080	1.34100	2894	0	10
2026.01.21	10:00:00	1.34098	1.34146	1.34028	1.34071	2879	0	10
2026.01.21	11:00:00	1.34068	1.34213	1.34008	1.34092	3091	0	10
2026.01.21	12:00:00	1.34096	1.34261	1.34009	1.34247	3654	0	10
2026.01.21	13:00:00	1.34249	1.34439	1.34117	1.34413	3690	0	10
2026.01.21	14:00:00	1.34416	1.34559	1.34221	1.34505	7588	0	10
2026.01.21	15:00:00	1.34503	1.34589	1.34242	1.34270	4985	0	10
2026.01.21	16:00:00	1.34270	1.34402	1.34233	1.34274	4982	0	10
2026.01.21	17:00:00	1.34278	1.34377	1.34159	1.34271	3926	0	10
2026.01.21	18:00:00	1.34272	1.34275	1.34181	1.34210	2655	0	10
2026.01.21	19:00:00	1.34212	1.34303	1.34091	1.34246	5035	0	10
2026.01.21	20:00:00	1.34249	1.34259	1.34120	1.34244	2788	0	10
2026.01.21	21:00:00	1.34246	1.34326	1.34226	1.34282	1574	0	2
2026.01.21	22:00:00	1.34281	1.34287	1.34195	1.34265	797	0	46
2026.01.21	23:00:00	1.34279	1.34301	1.34173	1.34177	1002	0	10
2026.01.22	00:00:00	1.34176	1.34308	1.34164	1.34288	1859	0	10
2026.01.22	01:00:00	1.34286	1.34316	1.34241	1.34300	2088	0	10
2026.01.22	02:00:00	1.34300	1.34349	1.34221	1.34251	1724	0	10
2026.01.22	03:00:00	1.34250	1.34334	1.34250	1.34318	1322	0	10
2026.01.22	04:00:00	1.34318	1.34390	1.34298	1.34311	1322	0	10
2026.01.22	05:00:00	1.34311	1.34311	1.34231	1.34281	1374	0	10
2026.01.22	06:00:00	1.34284	1.34295	1.34198	1.34255	1847	0	10
2026.01.22	07:00:00	1.34259	1.34369	1.34223	1.34311	2695	0	10
2026.01.22	08:00:00	1.34309	1.34330	1.34092	1.34174	3207	0	10
2026.01.22	09:00:00	1.34177	1.34462	1.34168	1.34432	3012	0	10
2026.01.22	10:00:00	1.34436	1.34501	1.34358	1.34471	2605	0	10
2026.01.22	11:00:00	1.34469	1.34523	1.34009	1.34201	7704	0	10
2026.01.22	12:00:00	1.34199	1.34413	1.34148	1.34249	4509	0	10
2026.01.22	13:00:00	1.34245	1.34379	1.34081	1.34224	5197	0	10
2026.01.22	14:00:00	1.34224	1.34524	1.34215	1.34458	4735	0	10
2026.01.22	15:00:00	1.34463	1.34847	1.34448	1.34771	4790	0	10
2026.01.22	16:00:00	1.34773	1.34985	1.34768	1.34890	3741	0	10
2026.01.22	17:00:00	1.34887	1.34954	1.34729	1.34920	3541	0	10
2026.01.22	18:00:00	1.34918	1.35020	1.34899	1.34982	1949	0	10
2026.01.22	19:00:00	1.34981	1.34991	1.34853	1.34904	1861	0	10
2026.01.22	20:00:00	1.34901	1.35032	1.34878	1.34969	1795	0	10
2026.01.22	21:00:00	1.34966	1.35065	1.34953	1.35008	1722	0	10
2026.01.22	22:00:00	1.35003	1.35003	1.34915	1.34979	886	0	26
2026.01.22	23:00:00	1.34978	1.35082	1.34978	1.34990	831	0	10
2026.01.23	00:00:00	1.34990	1.35006	1.34944	1.34957	1365	0	10
2026.01.23	01:00:00	1.34959	1.35043	1.34952	1.34973	2104	0	10
2026.01.23	02:00:00	1.34971	1.34980	1.34910	1.34923	1719	0	10
2026.01.23	03:00:00	1.34922	1.34946	1.34880	1.34899	1838	0	10
2026.01.23	04:00:00	1.34899	1.34974	1.34891	1.34968	1160	0	10
2026.01.23	05:00:00	1.34967	1.35001	1.34949	1.34980	1261	0	10
2026.01.23	06:00:00	1.34976	1.34995	1.34826	1.34838	2370	0	10
2026.01.23	07:00:00	1.34839	1.35120	1.34837	1.34923	4956	0	10
2026.01.23	08:00:00	1.34924	1.35023	1.34817	1.35006	4495	0	10
2026.01.23	09:00:00	1.35010	1.35344	1.34980	1.35293	4318	0	10
2026.01.23	10:00:00	1.35293	1.35363	1.35220	1.35266	3055	0	10
2026.01.23	11:00:00	1.35267	1.35321	1.35135	1.35174	3795	0	10
2026.01.23	12:00:00	1.35177	1.35317	1.35171	1.35277	2627	0	10
2026.01.23	13:00:00	1.35276	1.35344	1.35237	1.35247	3012	0	10
2026.01.23	14:00:00	1.35244	1.35379	1.35201	1.35361	3191	0	10
2026.01.23	15:00:00	1.35357	1.35670	1.35344	1.35639	3376	0	10
2026.01.23	16:00:00	1.35639	1.35975	1.35604	1.35879	4508	0	10
2026.01.23	17:00:00	1.35880	1.36224	1.35857	1.36078	6242	0	10
2026.01.23	18:00:00	1.36077	1.36088	1.35917	1.36049	4491	0	10
2026.01.23	19:00:00	1.36049	1.36290	1.36045	1.36232	3527	0	10
2026.01.23	20:00:00	1.36229	1.36380	1.36210	1.36361	3415	0	10
2026.01.23	21:00:00	1.36362	1.36454	1.36321	1.36440	6206	0	10
2026.01.25	22:00:00	1.36589	1.36680	1.36529	1.36674	649	0	58
2026.01.25	23:00:00	1.36748	1.36798	1.36541	1.36636	3510	0	10
2026.01.26	00:00:00	1.36642	1.36671	1.36429	1.36668	4690	0	10
2026.01.26	01:00:00	1.36667	1.36740	1.36581	1.36608	4664	0	10
2026.01.26	02:00:00	1.36606	1.36793	1.36580	1.36690	3845	0	10
2026.01.26	03:00:00	1.36690	1.36690	1.36545	1.36596	2602	0	10
2026.01.26	04:00:00	1.36600	1.36674	1.36527	1.36595	2548	0	10
2026.01.26	05:00:00	1.36595	1.36694	1.36577	1.36663	2329	0	10
2026.01.26	06:00:00	1.36662	1.36681	1.36554	1.36561	2907	0	10
2026.01.26	07:00:00	1.36563	1.36758	1.36443	1.36464	4457	0	10
2026.01.26	08:00:00	1.36466	1.36677	1.36424	1.36616	5242	0	10
2026.01.26	09:00:00	1.36620	1.36767	1.36576	1.36718	4577	0	10
2026.01.26	10:00:00	1.36720	1.36752	1.36659	1.36701	3534	0	10
2026.01.26	11:00:00	1.36702	1.36731	1.36645	1.36658	3102	0	10
2026.01.26	12:00:00	1.36658	1.36722	1.36475	1.36530	3313	0	10
2026.01.26	13:00:00	1.36526	1.36614	1.36428	1.36610	3714	0	10
2026.01.26	14:00:00	1.36609	1.36912	1.36574	1.36907	4319	0	10
2026.01.26	15:00:00	1.36907	1.37126	1.36878	1.37071	4975	0	10
2026.01.26	16:00:00	1.37070	1.37129	1.36928	1.36961	4687	0	10
2026.01.26	17:00:00	1.36964	1.37038	1.36852	1.36875	3478	0	10
2026.01.26	18:00:00	1.36877	1.37011	1.36846	1.36881	3099	0	10
2026.01.26	19:00:00	1.36880	1.36887	1.36750	1.36821	3060	0	10
2026.01.26	20:00:00	1.36821	1.36858	1.36785	1.36803	2502	0	10
2026.01.26	21:00:00	1.36802	1.36865	1.36740	1.36781	1915	0	7
2026.01.26	22:00:00	1.36782	1.36782	1.36702	1.36735	955	0	24
2026.01.26	23:00:00	1.36746	1.36794	1.36734	1.36746	929	0	10
2026.01.27	00:00:00	1.36747	1.36814	1.36721	1.36728	1918	0	10
2026.01.27	01:00:00	1.36727	1.36824	1.36696	1.36795	2351	0	10
2026.01.27	02:00:00	1.36794	1.37002	1.36764	1.36950	2328	0	10
2026.01.27	03:00:00	1.36948	1.36950	1.36820	1.36830	2135	0	10
2026.01.27	04:00:00	1.36826	1.36882	1.36719	1.36744	1851	0	10
2026.01.27	05:00:00	1.36744	1.36814	1.36709	1.36779	1781	0	10
2026.01.27	06:00:00	1.36780	1.36899	1.36768	1.36813	2304	0	10
2026.01.27	07:00:00	1.36809	1.36897	1.36695	1.36738	3554	0	10
2026.01.27	08:00:00	1.36742	1.36770	1.36634	1.36742	3782	0	10
2026.01.27	09:00:00	1.36739	1.36996	1.36675	1.36985	4450	0	10
2026.01.27	10:00:00	1.36983	1.37029	1.36828	1.37024	4199	0	10
2026.01.27	11:00:00	1.37027	1.37119	1.37000	1.37102	2851	0	10
2026.01.27	12:00:00	1.37102	1.37410	1.37075	1.37401	5526	0	10
2026.01.27	13:00:00	1.37401	1.37484	1.37252	1.37347	5946	0	10
2026.01.27	14:00:00	1.37348	1.37760	1.37308	1.37696	6929	0	10
2026.01.27	15:00:00	1.37700	1.37906	1.37471	1.37514	7195	0	10
2026.01.27	16:00:00	1.37511	1.37904	1.37502	1.37795	5377	0	10
2026.01.27	17:00:00	1.37799	1.37877	1.37606	1.37869	5025	0	10
2026.01.27	18:00:00	1.37869	1.37908	1.37753	1.37766	4049	0	10
2026.01.27	19:00:00	1.37765	1.37840	1.37738	1.37824	2979	0	10
2026.01.27	20:00:00	1.37823	1.38701	1.37756	1.38359	13213	0	10
2026.01.27	21:00:00	1.38357	1.38561	1.38285	1.38465	7619	0	9
2026.01.27	22:00:00	1.38463	1.38463	1.38289	1.38396	770	0	35
2026.01.27	23:00:00	1.38394	1.38469	1.38211	1.38265	2047	0	10
2026.01.28	00:00:00	1.38264	1.38308	1.38135	1.38172	4070	0	10
2026.01.28	01:00:00	1.38170	1.38186	1.37989	1.37998	3844	0	10
2026.01.28	02:00:00	1.38000	1.38071	1.37916	1.38032	3074	0	10
2026.01.28	03:00:00	1.38035	1.38101	1.37966	1.37993	2285	0	10
2026.01.28	04:00:00	1.37994	1.38029	1.37936	1.38015	1853	0	10
2026.01.28	05:00:00	1.38014	1.38053	1.37885	1.38045	3357	0	10
2026.01.28	06:00:00	1.38044	1.38154	1.38032	1.38059	3306	0	10
2026.01.28	07:00:00	1.38061	1.38306	1.37921	1.38011	5058	0	10
2026.01.28	08:00:00	1.38012	1.38111	1.37749	1.37865	5998	0	10
2026.01.28	09:00:00	1.37866	1.37924	1.37754	1.37868	4651	0	10
2026.01.28	10:00:00	1.37867	1.37997	1.37759	1.37923	4089	0	10
2026.01.28	11:00:00	1.37925	1.37925	1.37673	1.37695	4132	0	10
2026.01.28	12:00:00	1.37695	1.37937	1.37681	1.37929	4183	0	10
2026.01.28	13:00:00	1.37931	1.37940	1.37643	1.37700	4938	0	10
2026.01.28	14:00:00	1.37701	1.38012	1.37671	1.37860	5353	0	10
2026.01.28	15:00:00	1.37861	1.37990	1.37492	1.37892	15480	0	10
2026.01.28	16:00:00	1.37891	1.37938	1.37635	1.37838	6762	0	10
2026.01.28	17:00:00	1.37836	1.37905	1.37716	1.37890	3875	0	10
2026.01.28	18:00:00	1.37892	1.37922	1.37631	1.37751	4100	0	10
2026.01.28	19:00:00	1.37755	1.37962	1.37523	1.37931	10958	0	10
2026.01.28	20:00:00	1.37927	1.38022	1.37855	1.37986	4347	0	10
2026.01.28	21:00:00	1.37989	1.38111	1.37969	1.38070	2732	0	9
2026.01.28	22:00:00	1.38071	1.38071	1.37949	1.38018	1500	0	15
2026.01.28	23:00:00	1.38025	1.38296	1.38007	1.38265	2339	0	10
2026.01.29	00:00:00	1.38271	1.38346	1.38135	1.38201	3617	0	10
2026.01.29	01:00:00	1.38201	1.38201	1.37995	1.38028	3773	0	10
2026.01.29	02:00:00	1.38027	1.38155	1.37926	1.38123	2972	0	10
2026.01.29	03:00:00	1.38120	1.38329	1.38108	1.38320	2814	0	10
2026.01.29	04:00:00	1.38324	1.38399	1.38238	1.38390	2892	0	10
2026.01.29	05:00:00	1.38388	1.38435	1.38352	1.38373	2309	0	10
2026.01.29	06:00:00	1.38371	1.38399	1.38275	1.38372	3085	0	10
2026.01.29	07:00:00	1.38370	1.38477	1.38233	1.38311	4338	0	10
2026.01.29	08:00:00	1.38309	1.38463	1.38136	1.38207	5723	0	10
2026.01.29	09:00:00	1.38208	1.38242	1.37997	1.38033	4173	0	10
2026.01.29	10:00:00	1.38031	1.38067	1.37806	1.37826	3982	0	10
2026.01.29	11:00:00	1.37829	1.37981	1.37801	1.37938	3756	0	10
2026.01.29	12:00:00	1.37938	1.38138	1.37884	1.38125	3682	0	10
2026.01.29	13:00:00	1.38127	1.38181	1.37971	1.38056	5299	0	10
2026.01.29	14:00:00	1.38057	1.38337	1.38038	1.38258	6267	0	10
2026.01.29	15:00:00	1.38263	1.38270	1.37419	1.37632	18335	0	10
2026.01.29	16:00:00	1.37629	1.37989	1.37594	1.37919	9364	0	10
2026.01.29	17:00:00	1.37922	1.38072	1.37917	1.37971	6470	0	10
2026.01.29	18:00:00	1.37970	1.38046	1.37877	1.37971	4829	0	10
2026.01.29	19:00:00	1.37970	1.38002	1.37915	1.37926	3586	0	10
2026.01.29	20:00:00	1.37928	1.38082	1.37878	1.38043	2802	0	10
2026.01.29	21:00:00	1.38045	1.38136	1.37988	1.38098	2272	0	7
2026.01.29	22:00:00	1.38097	1.38097	1.37949	1.38046	1038	0	15
2026.01.29	23:00:00	1.38047	1.38142	1.38045	1.38077	1401	0	10
2026.01.30	00:00:00	1.38078	1.38138	1.37736	1.37771	4069	0	10
2026.01.30	01:00:00	1.37774	1.37798	1.37580	1.37608	6010	0	10
2026.01.30	02:00:00	1.37611	1.37666	1.37310	1.37617	8221	0	10
2026.01.30	03:00:00	1.37619	1.37660	1.37474	1.37525	4029	0	10
2026.01.30	04:00:00	1.37523	1.37671	1.37479	1.37522	2589	0	10
2026.01.30	05:00:00	1.37526	1.37627	1.37459	1.37554	3061	0	10
2026.01.30	06:00:00	1.37554	1.37637	1.37397	1.37503	4837	0	10
2026.01.30	07:00:00	1.37499	1.37827	1.37459	1.37693	5289	0	10
2026.01.30	08:00:00	1.37696	1.37799	1.37583	1.37640	5516	0	10
2026.01.30	09:00:00	1.37638	1.37673	1.37246	1.37332	6387	0	10
2026.01.30	10:00:00	1.37330	1.37506	1.37317	1.37479	4777	0	10
2026.01.30	11:00:00	1.37481	1.37797	1.37442	1.37785	4478	0	10
2026.01.30	12:00:00	1.37781	1.37874	1.37564	1.37619	4745	0	10
2026.01.30	13:00:00	1.37615	1.37673	1.37347	1.37443	6612	0	10
2026.01.30	14:00:00	1.37445	1.37577	1.37354	1.37390	7235	0	10
2026.01.30	15:00:00	1.37388	1.37434	1.37096	1.37192	10213	0	10
2026.01.30	16:00:00	1.37192	1.37296	1.37119	1.37267	7869	0	10
2026.01.30	17:00:00	1.37267	1.37279	1.36992	1.37089	7097	0	10
2026.01.30	18:00:00	1.37087	1.37157	1.36801	1.37110	7081	0	10
2026.01.30	19:00:00	1.37109	1.37183	1.36896	1.36977	5514	0	10
2026.01.30	20:00:00	1.36975	1.36979	1.36826	1.36826	4637	0	10
2026.01.30	21:00:00	1.36831	1.36906	1.36790	1.36845	5145	0	10
2026.02.01	22:00:00	1.36770	1.36850	1.36714	1.36814	891	0	51
2026.02.01	23:00:00	1.36839	1.36908	1.36613	1.36756	4658	0	10
2026.02.02	00:00:00	1.36760	1.37054	1.36760	1.36999	5763	0	10
2026.02.02	01:00:00	1.37002	1.37002	1.36762	1.36929	6998	0	10
2026.02.02	02:00:00	1.36929	1.36995	1.36811	1.36820	4948	0	10
2026.02.02	03:00:00	1.36819	1.36924	1.36783	1.36841	3926	0	10
2026.02.02	04:00:00	1.36842	1.36878	1.36765	1.36823	3509	0	10
2026.02.02	05:00:00	1.36818	1.36830	1.36599	1.36720	3742	0	10
2026.02.02	06:00:00	1.36722	1.36758	1.36611	1.36754	5732	0	10
2026.02.02	07:00:00	1.36757	1.36886	1.36729	1.36791	5452	0	10
2026.02.02	08:00:00	1.36792	1.37009	1.36776	1.36922	5854	0	10
2026.02.02	09:00:00	1.36918	1.37105	1.36815	1.37087	4994	0	10
2026.02.02	10:00:00	1.37084	1.37148	1.36958	1.37015	4432	0	10
2026.02.02	11:00:00	1.37014	1.37118	1.36945	1.36998	3582	0	10
2026.02.02	12:00:00	1.36997	1.37065	1.36850	1.36877	4338	0	10
2026.02.02	13:00:00	1.36880	1.36882	1.36489	1.36511	5650	0	10
2026.02.02	14:00:00	1.36509	1.36767	1.36308	1.36677	6143	0	10
2026.02.02	15:00:00	1.36670	1.36670	1.36261	1.36274	8870	0	10
2026.02.02	16:00:00	1.36274	1.36566	1.36225	1.36523	5959	0	10
2026.02.02	17:00:00	1.36526	1.36625	1.36497	1.36595	4204	0	10
2026.02.02	18:00:00	1.36595	1.36615	1.36476	1.36494	3800	0	10
2026.02.02	19:00:00	1.36498	1.36613	1.36431	1.36586	2617	0	10
2026.02.02	20:00:00	1.36587	1.36676	1.36532	1.36655	2551	0	10
2026.02.02	21:00:00	1.36658	1.36687	1.36638	1.36658	1266	0	7
2026.02.02	22:00:00	1.36655	1.36657	1.36611	1.36640	863	0	45
2026.02.02	23:00:00	1.36646	1.36729	1.36592	1.36727	1127	0	10
2026.02.03	00:00:00	1.36726	1.36802	1.36704	1.36796	1841	0	10
2026.02.03	01:00:00	1.36797	1.36858	1.36738	1.36856	2537	0	10
2026.02.03	02:00:00	1.36856	1.36859	1.36710	1.36724	2148	0	10
2026.02.03	03:00:00	1.36724	1.36884	1.36706	1.36844	2765	0	10
2026.02.03	04:00:00	1.36842	1.36939	1.36842	1.36871	2040	0	10
2026.02.03	05:00:00	1.36870	1.36919	1.36827	1.36891	2072	0	10
2026.02.03	06:00:00	1.36891	1.37007	1.36884	1.36927	2691	0	10
2026.02.03	07:00:00	1.36924	1.37064	1.36828	1.36964	4083	0	10
2026.02.03	08:00:00	1.36962	1.36996	1.36763	1.36854	3934	0	10
2026.02.03	09:00:00	1.36854	1.36910	1.36661	1.36666	4425	0	10
2026.02.03	10:00:00	1.36668	1.36735	1.36546	1.36551	3146	0	10
2026.02.03	11:00:00	1.36550	1.36621	1.36501	1.36501	2909	0	10
2026.02.03	12:00:00	1.36500	1.36829	1.36500	1.36813	3267	0	10
2026.02.03	13:00:00	1.36810	1.36893	1.36695	1.36697	3856	0	10
2026.02.03	14:00:00	1.36701	1.36845	1.36560	1.36681	4947	0	10
2026.02.03	15:00:00	1.36681	1.37041	1.36636	1.37029	5543	0	10
2026.02.03	16:00:00	1.37030	1.37066	1.36926	1.36987	4458	0	10
2026.02.03	17:00:00	1.36989	1.37071	1.36924	1.36955	4121	0	10
2026.02.03	18:00:00	1.36953	1.37018	1.36765	1.36772	3696	0	10
2026.02.03	19:00:00	1.36770	1.36912	1.36729	1.36876	3199	0	10
2026.02.03	20:00:00	1.36877	1.36992	1.36835	1.36956	2508	0	10
2026.02.03	21:00:00	1.36954	1.37019	1.36947	1.36967	1289	0	4
2026.02.03	22:00:00	1.36967	1.36972	1.36919	1.36926	957	0	18
2026.02.03	23:00:00	1.36954	1.37015	1.36913	1.36966	1053	0	10
2026.02.04	00:00:00	1.36966	1.36976	1.36905	1.36935	1832	0	10
2026.02.04	01:00:00	1.36934	1.37098	1.36907	1.37062	2649	0	10
2026.02.04	02:00:00	1.37065	1.37123	1.36973	1.36999	2109	0	10
2026.02.04	03:00:00	1.37000	1.37049	1.36962	1.37039	1913	0	10
2026.02.04	04:00:00	1.37039	1.37166	1.37026	1.37155	1478	0	10
2026.02.04	05:00:00	1.37154	1.37195	1.37113	1.37145	1637	0	10
2026.02.04	06:00:00	1.37145	1.37214	1.37121	1.37126	2081	0	10
2026.02.04	07:00:00	1.37126	1.37186	1.37055	1.37153	2734	0	10
2026.02.04	08:00:00	1.37150	1.37328	1.37112	1.37287	3550	0	10
2026.02.04	09:00:00	1.37287	1.37330	1.37006	1.37083	3116	0	10
2026.02.04	10:00:00	1.37082	1.37156	1.36943	1.37156	2838	0	10
2026.02.04	11:00:00	1.37157	1.37161	1.37011	1.37085	3059	0	10
2026.02.04	12:00:00	1.37084	1.37242	1.37054	1.37195	2626	0	10
2026.02.04	13:00:00	1.37195	1.37287	1.37016	1.37130	4230	0	10
2026.02.04	14:00:00	1.37130	1.37175	1.36856	1.36876	6005	0	10
2026.02.04	15:00:00	1.36873	1.36950	1.36609	1.36638	7282	0	10
2026.02.04	16:00:00	1.36638	1.36640	1.36425	1.36569	5281	0	10
2026.02.04	17:00:00	1.36569	1.36719	1.36440	1.36461	5174	0	10
2026.02.04	18:00:00	1.36458	1.36549	1.36418	1.36499	3534	0	10
2026.02.04	19:00:00	1.36501	1.36628	1.36434	1.36625	3326	0	10
2026.02.04	20:00:00	1.36621	1.36634	1.36475	1.36506	2001	0	10
2026.02.04	21:00:00	1.36503	1.36564	1.36487	1.36508	1546	0	2
2026.02.04	22:00:00	1.36507	1.36523	1.36460	1.36496	900	0	15
2026.02.04	23:00:00	1.36505	1.36519	1.36424	1.36456	1333	0	10
2026.02.05	00:00:00	1.36457	1.36519	1.36437	1.36516	1493	0	10
2026.02.05	01:00:00	1.36518	1.36537	1.36439	1.36479	2194	0	10
2026.02.05	02:00:00	1.36479	1.36482	1.36194	1.36207	3342	0	10
2026.02.05	03:00:00	1.36210	1.36299	1.36187	1.36245	2652	0	10
2026.02.05	04:00:00	1.36248	1.36286	1.36220	1.36250	1444	0	10
2026.02.05	05:00:00	1.36248	1.36262	1.36158	1.36198	1638	0	10
2026.02.05	06:00:00	1.36197	1.36200	1.36063	1.36176	2584	0	10
2026.02.05	07:00:00	1.36174	1.36290	1.36156	1.36198	3793	0	10
2026.02.05	08:00:00	1.36196	1.36325	1.35985	1.36028	4418	0	10
2026.02.05	09:00:00	1.36026	1.36038	1.35562	1.35652	4692	0	10
2026.02.05	10:00:00	1.35652	1.35968	1.35613	1.35870	3589	0	10
2026.02.05	11:00:00	1.35869	1.36148	1.35806	1.36120	3616	0	10
2026.02.05	12:00:00	1.36126	1.36126	1.35401	1.35813	11288	0	10
2026.02.05	13:00:00	1.35809	1.35946	1.35664	1.35850	7847	0	10
2026.02.05	14:00:00	1.35846	1.35889	1.35334	1.35367	9363	0	10
2026.02.05	15:00:00	1.35366	1.35566	1.35209	1.35278	9399	0	10
2026.02.05	16:00:00	1.35277	1.35558	1.35170	1.35496	6141	0	10
2026.02.05	17:00:00	1.35496	1.35572	1.35394	1.35506	4147	0	10
2026.02.05	18:00:00	1.35506	1.35568	1.35375	1.35423	2817	0	10
2026.02.05	19:00:00	1.35423	1.35518	1.35414	1.35483	2592	0	10
2026.02.05	20:00:00	1.35484	1.35515	1.35372	1.35384	2475	0	10
2026.02.05	21:00:00	1.35381	1.35398	1.35247	1.35281	1760	0	10
2026.02.05	22:00:00	1.35280	1.35306	1.35245	1.35306	776	0	40
2026.02.05	23:00:00	1.35313	1.35351	1.35202	1.35208	1459	0	10
2026.02.06	00:00:00	1.35209	1.35304	1.35080	1.35295	2548	0	10
2026.02.06	01:00:00	1.35293	1.35426	1.35246	1.35395	2960	0	10
2026.02.06	02:00:00	1.35399	1.35497	1.35396	1.35452	2154	0	10
2026.02.06	03:00:00	1.35450	1.35488	1.35432	1.35460	1552	0	10
2026.02.06	04:00:00	1.35463	1.35594	1.35447	1.35591	1635	0	10
2026.02.06	05:00:00	1.35591	1.35695	1.35576	1.35687	1694	0	10
2026.02.06	06:00:00	1.35685	1.35780	1.35668	1.35712	2263	0	10
2026.02.06	07:00:00	1.35714	1.35786	1.35630	1.35660	2697	0	10
2026.02.06	08:00:00	1.35662	1.35721	1.35576	1.35678	3720	0	10
2026.02.06	09:00:00	1.35679	1.35821	1.35655	1.35766	3268	0	10
2026.02.06	10:00:00	1.35765	1.35837	1.35712	1.35760	2302	0	10
2026.02.06	11:00:00	1.35757	1.35917	1.35752	1.35839	2550	0	10
2026.02.06	12:00:00	1.35839	1.35943	1.35829	1.35884	2460	0	10
2026.02.06	13:00:00	1.35886	1.35960	1.35811	1.35882	3468	0	10
2026.02.06	14:00:00	1.35878	1.36091	1.35870	1.36086	4287	0	10
2026.02.06	15:00:00	1.36087	1.36152	1.35935	1.36140	4198	0	10
2026.02.06	16:00:00	1.36139	1.36162	1.36012	1.36038	3524	0	10
2026.02.06	17:00:00	1.36040	1.36229	1.36011	1.36180	2718	0	10
2026.02.06	18:00:00	1.36180	1.36229	1.36125	1.36137	2236	0	10
2026.02.06	19:00:00	1.36136	1.36204	1.36116	1.36156	1675	0	10
2026.02.06	20:00:00	1.36154	1.36197	1.36122	1.36185	1613	0	10
2026.02.06	21:00:00	1.36188	1.36217	1.36074	1.36115	1651	0	10
2026.02.08	22:00:00	1.35904	1.36020	1.35899	1.36018	452	0	47
2026.02.08	23:00:00	1.36027	1.36112	1.35876	1.36095	2744	0	10
2026.02.09	00:00:00	1.36097	1.36201	1.36054	1.36112	3391	0	10
2026.02.09	01:00:00	1.36114	1.36124	1.35978	1.36006	3299	0	10
2026.02.09	02:00:00	1.36005	1.36087	1.35902	1.36039	2089	0	10
2026.02.09	03:00:00	1.36039	1.36076	1.35984	1.35984	1300	0	10
2026.02.09	04:00:00	1.35984	1.36054	1.35984	1.36042	1084	0	10
2026.02.09	05:00:00	1.36041	1.36168	1.36029	1.36138	1178	0	10
2026.02.09	06:00:00	1.36137	1.36285	1.36048	1.36157	4144	0	10
2026.02.09	07:00:00	1.36153	1.36158	1.35876	1.36036	4679	0	10
2026.02.09	08:00:00	1.36036	1.36106	1.35861	1.36016	5022	0	10
2026.02.09	09:00:00	1.36015	1.36122	1.35954	1.36004	3320	0	10
2026.02.09	10:00:00	1.36005	1.36139	1.35932	1.36084	3507	0	10
2026.02.09	11:00:00	1.36082	1.36449	1.35929	1.36369	6282	0	10
2026.02.09	12:00:00	1.36372	1.36620	1.36372	1.36598	3337	0	10
2026.02.09	13:00:00	1.36596	1.36695	1.36423	1.36502	6050	0	10
2026.02.09	14:00:00	1.36506	1.36523	1.36212	1.36438	9266	0	10
2026.02.09	15:00:00	1.36435	1.36871	1.36432	1.36772	7029	0	10
2026.02.09	16:00:00	1.36772	1.36908	1.36620	1.36655	4173	0	10
2026.02.09	17:00:00	1.36655	1.36756	1.36631	1.36715	2402	0	10
2026.02.09	18:00:00	1.36713	1.36910	1.36639	1.36893	2974	0	10
2026.02.09	19:00:00	1.36893	1.36998	1.36840	1.36967	2171	0	10
2026.02.09	20:00:00	1.36965	1.36987	1.36915	1.36945	1974	0	10
2026.02.09	21:00:00	1.36946	1.36997	1.36903	1.36946	1631	0	9
2026.02.09	22:00:00	1.36947	1.36949	1.36878	1.36906	852	0	11
2026.02.09	23:00:00	1.36943	1.36965	1.36813	1.36821	1013	0	10
2026.02.10	00:00:00	1.36822	1.36839	1.36717	1.36803	1539	0	10
2026.02.10	01:00:00	1.36805	1.36894	1.36738	1.36842	2452	0	10
2026.02.10	02:00:00	1.36845	1.36930	1.36835	1.36927	1937	0	10
2026.02.10	03:00:00	1.36925	1.36958	1.36836	1.36852	1984	0	10
2026.02.10	04:00:00	1.36851	1.36864	1.36794	1.36810	1355	0	10
2026.02.10	05:00:00	1.36814	1.36839	1.36739	1.36781	1401	0	10
2026.02.10	06:00:00	1.36778	1.36814	1.36675	1.36718	2006	0	10
2026.02.10	07:00:00	1.36720	1.36795	1.36665	1.36721	2681	0	10
2026.02.10	08:00:00	1.36722	1.36795	1.36631	1.36706	3238	0	10
2026.02.10	09:00:00	1.36702	1.36842	1.36648	1.36679	2609	0	10
2026.02.10	10:00:00	1.36681	1.36734	1.36573	1.36645	2516	0	10
2026.02.10	11:00:00	1.36645	1.36650	1.36579	1.36630	1853	0	10
2026.02.10	12:00:00	1.36633	1.36927	1.36617	1.36854	4059	0	10
2026.02.10	13:00:00	1.36854	1.36910	1.36655	1.36813	4866	0	10
2026.02.10	14:00:00	1.36814	1.36965	1.36697	1.36768	4746	0	10
2026.02.10	15:00:00	1.36767	1.36804	1.36525	1.36734	5550	0	10
2026.02.10	16:00:00	1.36736	1.36740	1.36589	1.36633	3808	0	10
2026.02.10	17:00:00	1.36631	1.36659	1.36432	1.36531	3028	0	10
2026.02.10	18:00:00	1.36530	1.36547	1.36419	1.36436	2346	0	10
2026.02.10	19:00:00	1.36438	1.36564	1.36395	1.36564	2075	0	10
2026.02.10	20:00:00	1.36563	1.36571	1.36422	1.36428	1939	0	10
2026.02.10	21:00:00	1.36430	1.36447	1.36382	1.36416	1153	0	10
2026.02.10	22:00:00	1.36415	1.36417	1.36361	1.36384	1054	0	22
2026.02.10	23:00:00	1.36397	1.36397	1.36311	1.36324	730	0	10
2026.02.11	00:00:00	1.36324	1.36427	1.36310	1.36385	1985	0	10
2026.02.11	01:00:00	1.36388	1.36489	1.36382	1.36439	3584	0	10
2026.02.11	02:00:00	1.36439	1.36607	1.36439	1.36576	1993	0	10
2026.02.11	03:00:00	1.36579	1.36677	1.36542	1.36647	1571	0	10
2026.02.11	04:00:00	1.36646	1.36695	1.36581	1.36590	1238	0	10
2026.02.11	05:00:00	1.36588	1.36700	1.36575	1.36696	1492	0	10
2026.02.11	06:00:00	1.36695	1.36776	1.36662	1.36699	2106	0	10
2026.02.11	07:00:00	1.36699	1.36744	1.36638	1.36738	2437	0	10
2026.02.11	08:00:00	1.36739	1.36929	1.36684	1.36919	3183	0	10
2026.02.11	09:00:00	1.36921	1.36987	1.36834	1.36954	2517	0	10
2026.02.11	10:00:00	1.36954	1.37121	1.36860	1.37062	2786	0	10
2026.02.11	11:00:00	1.37058	1.37063	1.36902	1.36908	2425	0	10
2026.02.11	12:00:00	1.36910	1.36918	1.36750	1.36797	2689	0	10
2026.02.11	13:00:00	1.36800	1.36901	1.36091	1.36412	11561	0	10
2026.02.11	14:00:00	1.36410	1.36699	1.36373	1.36549	9119	0	10
2026.02.11	15:00:00	1.36548	1.36667	1.36261	1.36331	7950	0	10
2026.02.11	16:00:00	1.36331	1.36565	1.36281	1.36519	4798	0	10
2026.02.11	17:00:00	1.36516	1.36671	1.36441	1.36574	4207	0	10
2026.02.11	18:00:00	1.36575	1.36588	1.36391	1.36391	3299	0	10
2026.02.11	19:00:00	1.36390	1.36412	1.36318	1.36321	2588	0	10
2026.02.11	20:00:00	1.36320	1.36345	1.36204	1.36212	1885	0	10
2026.02.11	21:00:00	1.36211	1.36288	1.36185	1.36266	1424	0	9
2026.02.11	22:00:00	1.36263	1.36277	1.36215	1.36258	619	0	22
2026.02.11	23:00:00	1.36261	1.36279	1.36188	1.36226	1091	0	10
2026.02.12	00:00:00	1.36226	1.36315	1.36149	1.36315	1977	0	10
2026.02.12	01:00:00	1.36312	1.36397	1.36262	1.36397	2539	0	10
2026.02.12	02:00:00	1.36396	1.36419	1.36301	1.36350	2049	0	10
2026.02.12	03:00:00	1.36348	1.36369	1.36260	1.36313	2050	0	10
2026.02.12	04:00:00	1.36312	1.36355	1.36195	1.36246	1885	0	10
2026.02.12	05:00:00	1.36246	1.36259	1.36170	1.36218	1652	0	10
2026.02.12	06:00:00	1.36217	1.36255	1.36042	1.36165	3187	0	10
2026.02.12	07:00:00	1.36161	1.36344	1.36111	1.36321	2870	0	10
2026.02.12	08:00:00	1.36323	1.36467	1.36262	1.36369	2957	0	10
2026.02.12	09:00:00	1.36371	1.36536	1.36365	1.36487	2792	0	10
2026.02.12	10:00:00	1.36487	1.36498	1.36360	1.36384	2391	0	10
2026.02.12	11:00:00	1.36384	1.36506	1.36346	1.36487	2099	0	10
2026.02.12	12:00:00	1.36487	1.36497	1.36214	1.36289	2578	0	10
2026.02.12	13:00:00	1.36289	1.36517	1.36280	1.36498	3259	0	10
2026.02.12	14:00:00	1.36498	1.36690	1.36419	1.36641	4762	0	10
2026.02.12	15:00:00	1.36640	1.36711	1.36493	1.36537	4453	0	10
2026.02.12	16:00:00	1.36536	1.36576	1.36157	1.36315	8041	0	10
2026.02.12	17:00:00	1.36311	1.36327	1.36173	1.36186	5384	0	10
2026.02.12	18:00:00	1.36185	1.36239	1.36043	1.36162	3748	0	10
2026.02.12	19:00:00	1.36159	1.36262	1.36146	1.36236	2588	0	10
2026.02.12	20:00:00	1.36233	1.36245	1.36142	1.36207	1908	0	10
2026.02.12	21:00:00	1.36206	1.36240	1.36166	1.36213	1430	0	9
2026.02.12	22:00:00	1.36214	1.36217	1.36163	1.36188	541	0	22
2026.02.12	23:00:00	1.36200	1.36223	1.36160	1.36179	1052	0	10
2026.02.13	00:00:00	1.36178	1.36216	1.36144	1.36210	1831	0	10
2026.02.13	01:00:00	1.36209	1.36220	1.36114	1.36163	2269	0	10
2026.02.13	02:00:00	1.36166	1.36238	1.36122	1.36198	1601	0	10
2026.02.13	03:00:00	1.36197	1.36226	1.36136	1.36148	1301	0	10
2026.02.13	04:00:00	1.36146	1.36170	1.36083	1.36115	1222	0	10
2026.02.13	05:00:00	1.36115	1.36146	1.35990	1.36035	1810	0	10
2026.02.13	06:00:00	1.36036	1.36062	1.35940	1.36014	2368	0	10
2026.02.13	07:00:00	1.36010	1.36165	1.35899	1.36138	3330	0	10
2026.02.13	08:00:00	1.36136	1.36285	1.36107	1.36230	3314	0	10
2026.02.13	09:00:00	1.36231	1.36295	1.36202	1.36221	2317	0	10
2026.02.13	10:00:00	1.36221	1.36269	1.36142	1.36179	2249	0	10
2026.02.13	11:00:00	1.36181	1.36189	1.36006	1.36029	2736	0	10
2026.02.13	12:00:00	1.36025	1.36089	1.35983	1.36070	2526	0	10
2026.02.13	13:00:00	1.36072	1.36453	1.36044	1.36326	6140	0	10
2026.02.13	14:00:00	1.36326	1.36388	1.36151	1.36257	6086	0	10
2026.02.13	15:00:00	1.36259	1.36472	1.36102	1.36124	6179	0	10
2026.02.13	16:00:00	1.36125	1.36435	1.36063	1.36414	4072	0	10
2026.02.13	17:00:00	1.36417	1.36591	1.36377	1.36483	3232	0	10
2026.02.13	18:00:00	1.36485	1.36537	1.36456	1.36513	2240	0	10
2026.02.13	19:00:00	1.36514	1.36550	1.36419	1.36426	1838	0	10
2026.02.13	20:00:00	1.36427	1.36560	1.36407	1.36559	2096	0	10
2026.02.13	21:00:00	1.36562	1.36579	1.36477	1.36549	2910	0	10
2026.02.15	22:00:00	1.36426	1.36452	1.36347	1.36433	896	0	61
2026.02.15	23:00:00	1.36455	1.36488	1.36421	1.36471	1616	0	10
2026.02.16	00:00:00	1.36471	1.36483	1.36402	1.36405	1762	0	10
2026.02.16	01:00:00	1.36404	1.36440	1.36364	1.36432	1611	0	10
2026.02.16	02:00:00	1.36428	1.36454	1.36383	1.36418	1550	0	10
2026.02.16	03:00:00	1.36418	1.36451	1.36373	1.36415	1095	0	10
2026.02.16	04:00:00	1.36415	1.36433	1.36352	1.36388	954	0	10
2026.02.16	05:00:00	1.36389	1.36407	1.36348	1.36387	863	0	10
2026.02.16	06:00:00	1.36386	1.36485	1.36377	1.36428	1106	0	10
2026.02.16	07:00:00	1.36424	1.36507	1.36349	1.36437	1890	0	10
2026.02.16	08:00:00	1.36437	1.36599	1.36394	1.36515	3272	0	10
2026.02.16	09:00:00	1.36515	1.36616	1.36404	1.36446	2362	0	10
2026.02.16	10:00:00	1.36444	1.36513	1.36405	1.36500	2139	0	10
2026.02.16	11:00:00	1.36497	1.36506	1.36424	1.36441	1748	0	10
2026.02.16	12:00:00	1.36438	1.36510	1.36392	1.36424	1713	0	10
2026.02.16	13:00:00	1.36426	1.36473	1.36282	1.36327	1996	0	10
2026.02.16	14:00:00	1.36327	1.36399	1.36295	1.36352	2088	0	10
2026.02.16	15:00:00	1.36353	1.36379	1.36272	1.36321	1887	0	10
2026.02.16	16:00:00	1.36325	1.36350	1.36252	1.36283	1669	0	10
2026.02.16	17:00:00	1.36283	1.36299	1.36254	1.36270	905	0	10
2026.02.16	18:00:00	1.36269	1.36310	1.36260	1.36284	411	0	10
2026.02.16	19:00:00	1.36284	1.36329	1.36284	1.36317	474	0	10
2026.02.16	20:00:00	1.36314	1.36321	1.36294	1.36299	413	0	10
2026.02.16	21:00:00	1.36299	1.36303	1.36245	1.36290	624	0	4
2026.02.16	22:00:00	1.36287	1.36301	1.36268	1.36288	697	0	20
2026.02.16	23:00:00	1.36299	1.36299	1.36218	1.36267	825	0	10
2026.02.17	00:00:00	1.36267	1.36289	1.36182	1.36190	1709	0	10
2026.02.17	01:00:00	1.36191	1.36210	1.36134	1.36164	2046	0	10
2026.02.17	02:00:00	1.36161	1.36201	1.36114	1.36134	1392	0	10
2026.02.17	03:00:00	1.36134	1.36136	1.36054	1.36122	1477	0	10
2026.02.17	04:00:00	1.36123	1.36131	1.36064	1.36111	1163	0	10
2026.02.17	05:00:00	1.36110	1.36117	1.36026	1.36070	1581	0	10
2026.02.17	06:00:00	1.36070	1.36148	1.36070	1.36117	1344	0	10
2026.02.17	07:00:00	1.36113	1.36117	1.35516	1.35623	4257	0	10
2026.02.17	08:00:00	1.35625	1.35902	1.35606	1.35851	3761	0	10
2026.02.17	09:00:00	1.35852	1.35971	1.35832	1.35906	2641	0	10
2026.02.17	10:00:00	1.35904	1.36059	1.35888	1.35945	2532	0	10
2026.02.17	11:00:00	1.35948	1.35977	1.35596	1.35644	3006	0	10
2026.02.17	12:00:00	1.35642	1.35711	1.35464	1.35483	2797	0	10
2026.02.17	13:00:00	1.35483	1.35500	1.35239	1.35244	4201	0	10
2026.02.17	14:00:00	1.35243	1.35319	1.35171	1.35202	5334	0	10
2026.02.17	15:00:00	1.35203	1.35252	1.34951	1.35029	5463	0	10
2026.02.17	16:00:00	1.35026	1.35411	1.35021	1.35376	3890	0	10
2026.02.17	17:00:00	1.35376	1.35498	1.35340	1.35460	3318	0	10
2026.02.17	18:00:00	1.35459	1.35607	1.35404	1.35584	2837	0	10
2026.02.17	19:00:00	1.35583	1.35627	1.35553	1.35607	1709	0	10
2026.02.17	20:00:00	1.35611	1.35637	1.35571	1.35617	1467	0	10
2026.02.17	21:00:00	1.35619	1.35686	1.35592	1.35662	1079	0	4
2026.02.17	22:00:00	1.35659	1.35659	1.35542	1.35613	675	0	31
2026.02.17	23:00:00	1.35613	1.35720	1.35609	1.35622	1104	0	10
2026.02.18	00:00:00	1.35622	1.35661	1.35601	1.35615	1610	0	10
2026.02.18	01:00:00	1.35615	1.35617	1.35536	1.35581	1659	0	10
2026.02.18	02:00:00	1.35582	1.35585	1.35511	1.35540	1298	0	10
2026.02.18	03:00:00	1.35539	1.35576	1.35521	1.35526	1114	0	10
2026.02.18	04:00:00	1.35526	1.35557	1.35492	1.35534	1030	0	10
2026.02.18	05:00:00	1.35533	1.35594	1.35531	1.35587	787	0	10
2026.02.18	06:00:00	1.35587	1.35665	1.35530	1.35639	1282	0	10
2026.02.18	07:00:00	1.35632	1.35776	1.35529	1.35611	2874	0	10
2026.02.18	08:00:00	1.35606	1.35679	1.35563	1.35651	2959	0	10
2026.02.18	09:00:00	1.35649	1.35790	1.35646	1.35741	2394	0	10
2026.02.18	10:00:00	1.35741	1.35819	1.35652	1.35655	2075	0	10
2026.02.18	11:00:00	1.35656	1.35748	1.35651	1.35729	1500	0	10
2026.02.18	12:00:00	1.35729	1.35799	1.35692	1.35727	2309	0	10
2026.02.18	13:00:00	1.35730	1.35813	1.35517	1.35518	2773	0	10
2026.02.18	14:00:00	1.35518	1.35584	1.35326	1.35367	4364	0	10
2026.02.18	15:00:00	1.35363	1.35535	1.35349	1.35453	3745	0	10
2026.02.18	16:00:00	1.35453	1.35573	1.35328	1.35334	2914	0	10
2026.02.18	17:00:00	1.35336	1.35364	1.35121	1.35217	2588	0	10
2026.02.18	18:00:00	1.35218	1.35254	1.35056	1.35129	2588	0	10
2026.02.18	19:00:00	1.35131	1.35147	1.34967	1.34997	3354	0	10
2026.02.18	20:00:00	1.34997	1.35046	1.34944	1.34993	1638	0	10
2026.02.18	21:00:00	1.34992	1.35018	1.34908	1.34920	1103	0	4
2026.02.18	22:00:00	1.34918	1.34937	1.34851	1.34937	772	0	35
2026.02.18	23:00:00	1.34961	1.34979	1.34936	1.34947	669	0	10
2026.02.19	00:00:00	1.34948	1.34977	1.34880	1.34894	1290	0	10
2026.02.19	01:00:00	1.34894	1.34987	1.34894	1.34962	1692	0	10
2026.02.19	02:00:00	1.34961	1.34968	1.34913	1.34943	1165	0	10
2026.02.19	03:00:00	1.34945	1.34971	1.34875	1.34906	1166	0	10
2026.02.19	04:00:00	1.34906	1.34924	1.34813	1.34834	1075	0	10
2026.02.19	05:00:00	1.34834	1.34875	1.34802	1.34870	1024	0	10
2026.02.19	06:00:00	1.34870	1.35019	1.34842	1.34995	1360	0	10
2026.02.19	07:00:00	1.34995	1.35120	1.34938	1.35096	1783	0	10
2026.02.19	08:00:00	1.35096	1.35155	1.35013	1.35057	2217	0	10
2026.02.19	09:00:00	1.35056	1.35165	1.34939	1.35042	2538	0	10
2026.02.19	10:00:00	1.35038	1.35070	1.34846	1.34885	2719	0	10
2026.02.19	11:00:00	1.34884	1.34917	1.34649	1.34657	2716	0	10
2026.02.19	12:00:00	1.34656	1.34739	1.34565	1.34627	2707	0	10
2026.02.19	13:00:00	1.34627	1.34688	1.34487	1.34666	3938	0	10
2026.02.19	14:00:00	1.34665	1.34676	1.34334	1.34452	5109	0	10
2026.02.19	15:00:00	1.34450	1.34736	1.34408	1.34536	6497	0	10
2026.02.19	16:00:00	1.34536	1.34577	1.34390	1.34447	3698	0	10
2026.02.19	17:00:00	1.34448	1.34557	1.34382	1.34521	3164	0	10
2026.02.19	18:00:00	1.34519	1.34657	1.34501	1.34593	2314	0	10
2026.02.19	19:00:00	1.34596	1.34656	1.34464	1.34514	2302	0	10
2026.02.19	20:00:00	1.34515	1.34598	1.34510	1.34588	1476	0	10
2026.02.19	21:00:00	1.34588	1.34728	1.34575	1.34611	1713	0	4
2026.02.19	22:00:00	1.34612	1.34636	1.34595	1.34636	827	0	22
2026.02.19	23:00:00	1.34658	1.34705	1.34590	1.34593	951	0	10
2026.02.20	00:00:00	1.34593	1.34637	1.34552	1.34613	1624	0	10
2026.02.20	01:00:00	1.34611	1.34627	1.34411	1.34463	2375	0	10
2026.02.20	02:00:00	1.34464	1.34475	1.34342	1.34405	2140	0	10
2026.02.20	03:00:00	1.34405	1.34461	1.34381	1.34420	1335	0	10
2026.02.20	04:00:00	1.34420	1.34470	1.34379	1.34387	1106	0	10
2026.02.20	05:00:00	1.34388	1.34486	1.34366	1.34453	1423	0	10
2026.02.20	06:00:00	1.34452	1.34489	1.34410	1.34473	1564	0	10
2026.02.20	07:00:00	1.34469	1.34669	1.34445	1.34455	3198	0	10
2026.02.20	08:00:00	1.34454	1.34549	1.34355	1.34521	3607	0	10
2026.02.20	09:00:00	1.34517	1.34787	1.34501	1.34662	3063	0	10
2026.02.20	10:00:00	1.34665	1.34822	1.34612	1.34751	2641	0	10
2026.02.20	11:00:00	1.34750	1.34775	1.34656	1.34697	2512	0	10
2026.02.20	12:00:00	1.34695	1.34829	1.34679	1.34725	2941	0	10
2026.02.20	13:00:00	1.34729	1.34970	1.34663	1.34859	4921	0	10
2026.02.20	14:00:00	1.34857	1.34882	1.34671	1.34768	4884	0	10
2026.02.20	15:00:00	1.34765	1.35146	1.34602	1.35005	16027	0	10
2026.02.20	16:00:00	1.35007	1.35145	1.34858	1.34981	5768	0	10
2026.02.20	17:00:00	1.34983	1.35002	1.34745	1.34892	4598	0	10
2026.02.20	18:00:00	1.34891	1.35063	1.34845	1.34942	6406	0	10
2026.02.20	19:00:00	1.34945	1.34989	1.34833	1.34853	2983	0	10
2026.02.20	20:00:00	1.34854	1.34909	1.34809	1.34891	1892	0	10
2026.02.20	21:00:00	1.34890	1.34967	1.34760	1.34779	2016	0	10
